Workbook

Sheet Index
B1: DA 380 – Data Modeling and Simulation
B2: Discrete-Event Simulation – Global Logistics Hub | All Data Workbook
B4: Sheet Name | C4: Contents | D4: Phase
B5: Raw Data (120 obs.) | C5: 120 package observations: interarrival, inspection, sorting, loading times | D5: Phase I
B6: Descriptive Statistics | C6: Mean, Std, Min, Max, CV for all time variables | D6: Phase I
B7: Distribution Fitting | C7: KS Test results – best fit distributions for each variable | D7: Phase I
B8: Queueing Theory | C8: M/M/1 and M/M/c calculations using λ and μ from data | D8: Phase I
B9: Manual Trace (15 pkgs) | C9: Step-by-step DES trace for first 15 packages | D9: Phase II
B10: State Variables | C10: System state variable definitions | D10: Phase II
B11: Event Definitions | C11: All simulation events and their descriptions | D11: Phase II
B12: Simulation Results – A | C12: 30 replication results for Design A (1 inspector) | D12: Phase III/IV
B13: Simulation Results – B | C13: 30 replication results for Design B (2 inspectors) | D13: Phase III/IV
B14: Confidence Intervals | C14: 95% CI comparison: Design A vs Design B | D14: Phase IV

Sheet Raw Data (120 obs.)
A1: Raw Observation Data – 120 Packages (Phase I)
A2: Package_ID | B2: Package_Type | C2: Interarrival_Time_min | D2: Inspection_Time_min | E2: Sorting_Time_min | F2: Loading_Time_min | G2: Arrival_Time_min
A3: 1 | B3: Standard | C3: 1.4078 | D3: 3.2947 | E3: 1.433 | F3: 2.981 | G3: 1.4078
A4: 2 | B4: Standard | C4: 9.0304 | D4: 4.5285 | E4: 1.7142 | F4: 1.8252 | G4: 10.4382
A5: 3 | B5: Standard | C5: 3.9502 | D5: 0.7655 | E5: 1.642 | F5: 1.744 | G5: 14.3884
A6: 4 | B6: Standard | C6: 2.7388 | D6: 0.2332 | E6: 1.4782 | F6: 2.5528 | G6: 17.1272
A7: 5 | B7: Express | C7: 0.5089 | D7: 0.5174 | E7: 1.246 | F7: 1.6816 | G7: 17.6361
A8: 6 | B8: Express | C8: 0.5088 | D8: 1.1141 | E8: 1.0455 | F8: 2.8615 | G8: 18.1449
A9: 7 | B9: Standard | C9: 0.1795 | D9: 3.4077 | E9: 1.366 | F9: 2.7168 | G9: 18.3244
A10: 8 | B10: Standard | C10: 6.0337 | D10: 3.9427 | E10: 1.7569 | F10: 1.858 | G10: 24.3581
A11: 9 | B11: Standard | C11: 2.7572 | D11: 0.014 | E11: 1.5642 | F11: 2.5017 | G11: 27.1153
A12: 10 | B12: Express | C12: 3.6938 | D12: 1.4298 | E12: 1.1263 | F12: 2.5091 | G12: 30.8091
A13: 11 | B13: Standard | C13: 0.0624 | D13: 1.0805 | E13: 1.552 | F13: 1.2062 | G13: 30.8715
A14: 12 | B14: Standard | C14: 10.5107 | D14: 0.5023 | E14: 1.6156 | F14: 2.8051 | G14: 41.3822
... A122: 120 | B122: Express | C122: 2.3253 | D122: 0.3899 | E122: 1.6831 | F122: 2.4514 | G122: 333.8116
A124: AVERAGES | C124: =AVERAGE(C3:C123) -> 2.7817633 | D124: =AVERAGE(D3:D123) -> 1.8421292 | E124: =AVERAGE(E3:E123) -> 1.5077717 | F124: =AVERAGE(F3:F123) -> 2.0805675 | G124: =AVERAGE(G3:G123) -> 167.05267

Sheet Descriptive Statistics
A1: Descriptive Statistics – All Time Variables (Phase I)
A2: Statistic | B2: Interarrival Time (min) | C2: Inspection Time (min) | D2: Sorting Time (min) | E2: Loading Time (min)
A3: Count | B3: 120 | C3: 120 | D3: 120 | E3: 120
A4: Mean | B4: =AVERAGE('Raw Data (120 obs.)'!C3:C122) -> 2.7817633 | C4: =AVERAGE('Raw Data (120 obs.)'!D3:D122) -> 1.8421292 | D4: =AVERAGE('Raw Data (120 obs.)'!E3:E122) -> 1.5077717 | E4: =AVERAGE('Raw Data (120 obs.)'!F3:F122) -> 2.0805675
A5: Std Dev | B5: =STDEV('Raw Data (120 obs.)'!C3:C122) -> 2.7144639 | C5: =STDEV('Raw Data (120 obs.)'!D3:D122) -> 1.7444404 | D5: =STDEV('Raw Data (120 obs.)'!E3:E122) -> 0.31026907 | E5: =STDEV('Raw Data (120 obs.)'!F3:F122) -> 0.6228883
A6: Min | B6: =MIN('Raw Data (120 obs.)'!C3:C122) -> 0.0166 | C6: =MIN('Raw Data (120 obs.)'!D3:D122) -> 0.0101 | D6: =MIN('Raw Data (120 obs.)'!E3:E122) -> 0.5276 | E6: =MIN('Raw Data (120 obs.)'!F3:F122) -> 1.0217
A7: Median | B7: =MEDIAN('Raw Data (120 obs.)'!C3:C122) -> 1.9798 | C7: =MEDIAN('Raw Data (120 obs.)'!D3:D122) -> 1.39695 | D7: =MEDIAN('Raw Data (120 obs.)'!E3:E122) -> 1.52275 | E7: =MEDIAN('Raw Data (120 obs.)'!F3:F122) -> 2.11225
A8: Max | B8: =MAX('Raw Data (120 obs.)'!C3:C122) -> 13.0024 | C8: =MAX('Raw Data (120 obs.)'!D3:D122) -> 8.4881 | D8: =MAX('Raw Data (120 obs.)'!E3:E122) -> 2.6558 | E8: =MAX('Raw Data (120 obs.)'!F3:F122) -> 2.9859
A9: CV | B9: =B5/B4 -> 0.97580693 | C9: =C5/C4 -> 0.94696966 | D9: =D5/D4 -> 0.20577988 | E9: =E5/E4 -> 0.29938384

Sheet Distribution Fitting
A1: Distribution Fitting – KS Goodness-of-Fit Test Results (Phase I)
A2: Variable | B2: Best Fit Distribution | C2: KS Statistic | D2: p-value | E2: Result | F2: Parameters
A3: Interarrival Time | B3: Exponential | C3: 0.05666 | D3: 0.81467 | E3: ✅ Accepted | F3: scale = 2.782 min
A4: Inspection Time | B4: Gamma | C4: 0.0519 | D4: 0.88614 | E4: ✅ Accepted | F4: shape=1.11, scale=1.66
A5: Sorting Time | B5: Normal | C5: 0.05153 | D5: 0.89109 | E5: ✅ Accepted | F5: μ=1.508, σ=0.310
A6: Loading Time | B6: Normal | C6: 0.09648 | D6: 0.20053 | E6: ✅ Accepted | F6: μ=2.081, σ=0.623

Sheet Queueing Theory
A1: Queueing Theory Analysis – M/M/1 & M/M/c Models (Phase I) | E1: Queueing Theory Analysis – M/M/1 & M/M/c Models (Phase I) | I1: Queueing Theory Analysis – M/M/1 & M/M/c Models (Phase I) | M1: Queueing Theory Analysis – M/M/1 & M/M/c Models (Phase I) | Q1: Queueing Theory Analysis – M/M/1 & M/M/c Models (Phase I)
A3: Input Parameters (from Data)
A4: Parameter | B4: Symbol | C4: Formula / Value | D4: Result
A5: Mean Interarrival Time | B5: E[A] | C5: =AVERAGE('Raw Data (120 obs.)'!C3:C122) -> 2.7817633 | D5: min
A6: Mean Inspection Time | B6: E[S] | C6: =AVERAGE('Raw Data (120 obs.)'!D3:D122) -> 1.8421292 | D6: min
A7: Arrival Rate | B7: λ | C7: =1/B5 -> #VALUE! | D7: pkg/min
A8: Service Rate | B8: μ | C8: =1/B6 -> #VALUE! | D8: pkg/min
A10: M/M/1 Model Results
A11: Metric | B11: Symbol | C11: Formula | D11: Value
A12: Traffic Intensity | B12: ρ | C12: =B7/B8 -> #VALUE!
A13: Avg Packages in Queue | B13: Lq | C13: =B12^2/(1-B12) -> #VALUE! | D13: packages
A14: Avg Packages in System | B14: L | C14: =B12/(1-B12) -> #VALUE! | D14: packages
A15: Avg Wait in Queue | B15: Wq | C15: =B13/B7 -> #VALUE! | D15: min
A16: Avg Time in System | B16: W | C16: =B14/B7 -> #VALUE! | D16: min
A17: System Stability | C17: =IF(B12<1,"STABLE ✅","UNSTABLE ❌") -> UNSTABLE ❌
A19: M/M/c Comparison (c = 1, 2, 3 servers)
A20: Servers (c) | B20: ρ per server | C20: Lq | D20: Wq (min)
A21: 1 | B21: 0.6622 | C21: 1.2983 | D21: 3.6114
A22: 2 | B22: 0.3311 | C22: 0.082 | D22: 0.2271
A23: 3 | B23: 0.2207 | C23: 0.009 | D23: 0.025

Sheet Manual Trace (15 pkgs)
A1: Manual Discrete-Event Simulation Trace – First 15 Packages (Phase II)
A2: ID | B2: Type | C2: Arrival | D2: Ins.Start | E2: Ins.End | F2: W-Ins | G2: Srt.Start | H2: Srt.End | I2: W-Srt | J2: Ld.End | K2: Sys.Time | L2: Queue | M2: Srt Q
A3: 1 | B3: Express | C3: 1.408 | D3: 1.408 | E3: 1.813 | F3: 0 | G3: 1.813 | H3: 2.968 | I3: 0 | J3: 4.145 | K3: 2.737 | L3: 0 | M3: 0
A4: 2 | B4: Express | C4: 10.438 | D4: 10.438 | E4: 11.164 | F4: 0 | G4: 11.164 | H4: 12.776 | I4: 0 | J4: 14.168 | K4: 3.73 | L4: 0 | M4: 0
A5: 3 | B5: Standard | C5: 14.388 | D5: 14.388 | E5: 15.876 | F5: 0 | G5: 15.876 | H5: 17.196 | I5: 0 | J5: 18.287 | K5: 3.898 | L5: 0 | M5: 0
A6: 4 | B6: Standard | C6: 17.127 | D6: 17.127 | E6: 18.258 | F6: 0 | G6: 18.258 | H6: 19.671 | I6: 0 | J6: 21.321 | K6: 4.194 | L6: 0 | M6: 0
A7: 5 | B7: Standard | C7: 17.636 | D7: 18.258 | E7: 18.947 | F7: 0.622 | G7: 19.671 | H7: 20.99 | I7: 0.724 | J7: 23.099 | K7: 5.463 | L7: 1 | M7: 1
A8: 6 | B8: Standard | C8: 18.145 | D8: 18.947 | E8: 20.839 | F8: 0.802 | G8: 20.99 | H8: 23.046 | I8: 0.151 | J8: 24.642 | K8: 6.497 | L8: 2 | M8: 1
A9: 7 | B9: Express | C9: 18.324 | D9: 20.839 | E9: 21.14 | F9: 2.515 | G9: 23.046 | H9: 24.542 | I9: 1.906 | J9: 27.299 | K9: 8.975 | L9: 2 | M9: 2
A10: 8 | B10: Standard | C10: 24.358 | D10: 24.358 | E10: 25.049 | F10: 0 | G10: 25.049 | H10: 26.232 | I10: 0 | J10: 29.012 | K10: 4.654 | L10: 0 | M10: 0
A11: 9 | B11: Express | C11: 27.115 | D11: 27.115 | E11: 28.028 | F11: 0 | G11: 28.028 | H11: 29.775 | I11: 0 | J11: 31.337 | K11: 4.221 | L11: 0 | M11: 0
A12: 10 | B12: Standard | C12: 30.809 | D12: 30.809 | E12: 32.027 | F12: 0 | G12: 32.027 | H12: 33.161 | I12: 0 | J12: 35.246 | K12: 4.437 | L12: 0 | M12: 0
A13: 11 | B13: Standard | C13: 30.872 | D13: 32.027 | E13: 35.103 | F13: 1.155 | G13: 35.103 | H13: 36.666 | I13: 0 | J13: 37.947 | K13: 7.076 | L13: 1 | M13: 0
A14: 12 | B14: Standard | C14: 41.382 | D14: 41.382 | E14: 41.828 | F14: 0 | G14: 41.828 | H14: 42.74 | I14: 0 | J14: 45.344 | K14: 3.962 | L14: 0 | M14: 0
... A17: 15 | B17: Standard | C17: 48.06 | D17: 49.981 | E17: 50.076 | F17: 1.921 | G17: 51.54 | H17: 53.261 | I17: 1.464 | J17: 57.058 | K17: 8.998 | L17: 2 | M17: 1
A19: AVERAGES | C19: =AVERAGE(C3:C18) -> 26.284067 | D19: =AVERAGE(D3:D18) -> 26.800267 | E19: =AVERAGE(E3:E18) -> 27.887667 | F19: =AVERAGE(F3:F18) -> 0.5162 | G19: =AVERAGE(G3:G18) -> 28.170667 | H19: =AVERAGE(H3:H18) -> 29.590067 | I19: =AVERAGE(I3:I18) -> 0.283 | J19: =AVERAGE(J3:J18) -> 31.590267 | ... M19: =AVERAGE(M3:M18) -> 0.33333333

Sheet State Variables
A1: System State Variables Definition (Phase II)
A2: Variable | B2: Type | C2: Description
A3: Queue_Length | B3: Integer | C3: Number of packages waiting for inspection
A4: Sorting_Queue | B4: Integer | C4: Packages waiting for sorting machine
A5: Inspector_Status | B5: Binary | C5: 0 = Idle, 1 = Busy
A6: Machine_Status | B6: Enum | C6: Working / Broken / Idle
A7: Express_Queue | B7: Integer | C7: Number of express packages waiting
A8: Standard_Queue | B8: Integer | C8: Number of standard packages waiting
A9: Simulation_Clock | B9: Float | C9: Current simulation time in minutes

Sheet Event Definitions
A1: Event Definition Table (Phase II)
A2: Event Name | B2: Trigger Condition | C2: System Effect
A3: Package Arrival | B3: Clock = next arrival time | C3: Increment queue, schedule Inspection Start
A4: Inspection Start | B4: Inspector idle & queue > 0 | C4: Set Inspector_Status = Busy
A5: Inspection End | B5: Clock = Start + service time | C5: Free inspector, move to sorting queue
A6: Sorting Start | B6: Sorter idle & sorting queue > 0 | C6: Set Machine_Status = Working
A7: Sorting End | B7: Clock = Start + service time | C7: Free sorter, move to loading queue
A8: Machine Breakdown | B8: Random failure (Exponential) | C8: Set Machine_Status = Broken
A9: Machine Repair | B9: Clock = Breakdown + repair time | C9: Set Machine_Status = Working
A10: Truck Loading End | B10: Clock = Load_Start + load time | C10: Package dispatched, leaves system

Sheet Simulation Results – A
A1: 30 Replication Results – Design A (1 Inspector) (Phase III/IV)
A2: Replication | B2: Avg System Time (min) | C2: Avg Wait Time (min) | D2: Avg Queue Length | E2: Throughput (pkgs)
A3: 1 | B3: 21.177 | C3: 15.476 | D3: 2.937 | E3: 149
A4: 2 | B4: 14.407 | C4: 8.222 | D4: 1.244 | E4: 128
A5: 3 | B5: 11.792 | C5: 6.365 | D5: 1.664 | E5: 138
A6: 4 | B6: 36.814 | C6: 30.652 | D6: 4.812 | E6: 142
A7: 5 | B7: 29.438 | C7: 22.978 | D7: 1.241 | E7: 130
A8: 6 | B8: 26.645 | C8: 20.878 | D8: 5.868 | E8: 166
A9: 7 | B9: 10.853 | C9: 5.696 | D9: 1.5 | E9: 145
A10: 8 | B10: 10.739 | C10: 5.421 | D10: 1.195 | E10: 134
A11: 9 | B11: 13.938 | C11: 8.249 | D11: 2.206 | E11: 142
A12: 10 | B12: 22.104 | C12: 16.192 | D12: 1.951 | E12: 164
A13: 11 | B13: 25.793 | C13: 19.871 | D13: 1.829 | E13: 168
A14: 12 | B14: 19.977 | C14: 14.101 | D14: 2.667 | E14: 162
... A32: 30 | B32: 12.466 | C32: 6.757 | D32: 1.727 | E32: 132
A34: AVERAGE | B34: =AVERAGE(B3:B33) -> 19.2349 | C34: =AVERAGE(C3:C33) -> 13.416167 | D34: =AVERAGE(D3:D33) -> 2.1969333 | E34: =AVERAGE(E3:E33) -> 142.3

Sheet Simulation Results – B
A1: 30 Replication Results – Design B (2 Inspectors) (Phase III/IV)
A2: Replication | B2: Avg System Time (min) | C2: Avg Wait Time (min) | D2: Avg Queue Length | E2: Throughput (pkgs)
A3: 1 | B3: 7.959 | C3: 2.202 | D3: 0.262 | E3: 133
A4: 2 | B4: 12.052 | C4: 6.335 | D4: 0.262 | E4: 136
A5: 3 | B5: 10.982 | C5: 5.401 | D5: 0.234 | E5: 126
A6: 4 | B6: 7.974 | C6: 2.306 | D6: 0.259 | E6: 148
A7: 5 | B7: 9.052 | C7: 3.356 | D7: 0.261 | E7: 143
A8: 6 | B8: 8.675 | C8: 3.237 | D8: 0.432 | E8: 134
A9: 7 | B9: 34.104 | C9: 27.723 | D9: 0.357 | E9: 139
A10: 8 | B10: 10.654 | C10: 4.931 | D10: 0.28 | E10: 141
A11: 9 | B11: 25.99 | C11: 19.792 | D11: 0.798 | E11: 165
A12: 10 | B12: 11.363 | C12: 5.406 | D12: 0.37 | E12: 139
A13: 11 | B13: 9.954 | C13: 4.294 | D13: 0.231 | E13: 129
A14: 12 | B14: 10.44 | C14: 4.9 | D14: 0.363 | E14: 158
... A32: 30 | B32: 22.865 | C32: 16.537 | D32: 0.338 | E32: 145
A34: AVERAGE | B34: =AVERAGE(B3:B33) -> 15.937967 | C34: =AVERAGE(C3:C33) -> 10.081433 | D34: =AVERAGE(D3:D33) -> 0.34063333 | E34: =AVERAGE(E3:E33) -> 138.96667

Sheet Confidence Intervals
A1: 95% Confidence Intervals – Design A vs Design B (Phase IV)
A2: Metric | B2: Design A Mean | C2: A CI Low | D2: A CI High | E2: Design B Mean | F2: B CI Low | G2: B CI High
A3: Avg System Time (min) | B3: 19.235 | C3: 15.583 | D3: 22.887 | E3: 15.938 | F3: 11.732 | G3: 20.144
A4: Avg Wait Time (min) | B4: 13.416 | C4: 9.843 | D4: 16.99 | E4: 10.081 | F4: 5.966 | G4: 14.196
A5: Avg Queue Length (pkgs) | B5: 2.197 | C5: 1.747 | D5: 2.647 | E5: 0.341 | F5: 0.286 | G5: 0.395
A6: Throughput (pkgs/shift) | B6: 142.3 | C6: 137.2 | D6: 147.4 | E6: 139 | F6: 134.5 | G6: 143.5
